"primary","releases_stress","median_stress_gross","estimate"
"Collective Resilience",85,27819517,NA
"Dystopian Catharsis",97,41342497,26695134.149864
"Comfort Nostalgia",98,30435885,23189931.4532649
"Intelligent Rebellion",103,16904685,20735755.3366141
"Redemptive Grit",227,13295759,19443971.0044212
"Heroic Escapism",254,74587978,23986261.287066
"Humorous Escape",357,46218546,22819249.0071616
"Dark Empathy",402,12189889.5,20753546.6664159
