"primary","n_titles","median_gross","sd_gross"
"Heroic Escapism",254,74587978,137734452.761995
"Collective Resilience",85,27819517,90252420.1697773
"Dystopian Catharsis",97,41342497,78612311.9717449
"Humorous Escape",357,46218546,73221153.762735
"Comfort Nostalgia",98,30435885,70887267.942659
"Intelligent Rebellion",103,16904685,64415851.2170173
"Dark Empathy",402,12189889.5,62535117.9976051
"Redemptive Grit",227,13295759,48936558.581328
